45953;_rsv_45953_-1_0_0_0_SE2DC5B04_EE2DC5B04;0;フレイムスネーキング
45953;_rsv_45953_-1_0_0_1_SE2DC5B04_EE2DC5B04;0;フレイムスネーキング
45953;_rsv_45953_-1_1_0_0_SE2DC5B04_EE2DC5B04;1;Firesnaking
45953;_rsv_45953_-1_1_0_1_SE2DC5B04_EE2DC5B04;1;Firesnaking
45953;_rsv_45953_-1_2_0_0_SE2DC5B04_EE2DC5B04;2;Flammen-Schlängeln
45953;_rsv_45953_-1_2_0_1_SE2DC5B04_EE2DC5B04;2;Flammen-Schlängeln
45953;_rsv_45953_-1_3_0_0_SE2DC5B04_EE2DC5B04;3;Ondulation enflammée
45953;_rsv_45953_-1_3_0_1_SE2DC5B04_EE2DC5B04;3;Ondulation enflammée
45954;_rsv_45954_-1_0_0_0_SE2DC5B04_EE2DC5B04;0;ハイドロスネーキング
45954;_rsv_45954_-1_0_0_1_SE2DC5B04_EE2DC5B04;0;ハイドロスネーキング
45954;_rsv_45954_-1_1_0_0_SE2DC5B04_EE2DC5B04;1;Watersnaking
45954;_rsv_45954_-1_1_0_1_SE2DC5B04_EE2DC5B04;1;Watersnaking
45954;_rsv_45954_-1_2_0_0_SE2DC5B04_EE2DC5B04;2;Hydro-Schlängeln
45954;_rsv_45954_-1_2_0_1_SE2DC5B04_EE2DC5B04;2;Hydro-Schlängeln
45954;_rsv_45954_-1_3_0_0_SE2DC5B04_EE2DC5B04;3;Ondulation hydrique
45954;_rsv_45954_-1_3_0_1_SE2DC5B04_EE2DC5B04;3;Ondulation hydrique
45980;_rsv_45980_-1_0_0_0_SE2DC5B04_EE2DC5B04;0;スプレッドソニック
45980;_rsv_45980_-1_0_0_1_SE2DC5B04_EE2DC5B04;0;スプレッドソニック
45980;_rsv_45980_-1_1_0_0_SE2DC5B04_EE2DC5B04;1;Ultrasonic Spread
45980;_rsv_45980_-1_1_0_1_SE2DC5B04_EE2DC5B04;1;Ultrasonic Spread
45980;_rsv_45980_-1_2_0_0_SE2DC5B04_EE2DC5B04;2;Streuschall
45980;_rsv_45980_-1_2_0_1_SE2DC5B04_EE2DC5B04;2;Streuschall
45980;_rsv_45980_-1_3_0_0_SE2DC5B04_EE2DC5B04;3;Onde étalée
45980;_rsv_45980_-1_3_0_1_SE2DC5B04_EE2DC5B04;3;Onde étalée
45981;_rsv_45981_-1_0_0_0_SE2DC5B04_EE2DC5B04;0;アグリゲートソニック
45981;_rsv_45981_-1_0_0_1_SE2DC5B04_EE2DC5B04;0;アグリゲートソニック
45981;_rsv_45981_-1_1_0_0_SE2DC5B04_EE2DC5B04;1;Ultrasonic Amp
45981;_rsv_45981_-1_1_0_1_SE2DC5B04_EE2DC5B04;1;Ultrasonic Amp
45981;_rsv_45981_-1_2_0_0_SE2DC5B04_EE2DC5B04;2;Fokusschall
45981;_rsv_45981_-1_2_0_1_SE2DC5B04_EE2DC5B04;2;Fokusschall
45981;_rsv_45981_-1_3_0_0_SE2DC5B04_EE2DC5B04;3;Onde agrégée
45981;_rsv_45981_-1_3_0_1_SE2DC5B04_EE2DC5B04;3;Onde agrégée
45982;_rsv_45982_-1_0_0_0_SE2DC5B04_EE2DC5B04;0;スプレッドソニック
45982;_rsv_45982_-1_0_0_1_SE2DC5B04_EE2DC5B04;0;スプレッドソニック
45982;_rsv_45982_-1_1_0_0_SE2DC5B04_EE2DC5B04;1;Ultrasonic Spread
45982;_rsv_45982_-1_1_0_1_SE2DC5B04_EE2DC5B04;1;Ultrasonic Spread
45982;_rsv_45982_-1_2_0_0_SE2DC5B04_EE2DC5B04;2;Streuschall
45982;_rsv_45982_-1_2_0_1_SE2DC5B04_EE2DC5B04;2;Streuschall
45982;_rsv_45982_-1_3_0_0_SE2DC5B04_EE2DC5B04;3;Onde étalée
45982;_rsv_45982_-1_3_0_1_SE2DC5B04_EE2DC5B04;3;Onde étalée
45983;_rsv_45983_-1_0_0_0_SE2DC5B04_EE2DC5B04;0;アグリゲートソニック
45983;_rsv_45983_-1_0_0_1_SE2DC5B04_EE2DC5B04;0;アグリゲートソニック
45983;_rsv_45983_-1_1_0_0_SE2DC5B04_EE2DC5B04;1;Ultrasonic Amp
45983;_rsv_45983_-1_1_0_1_SE2DC5B04_EE2DC5B04;1;Ultrasonic Amp
45983;_rsv_45983_-1_2_0_0_SE2DC5B04_EE2DC5B04;2;Fokusschall
45983;_rsv_45983_-1_2_0_1_SE2DC5B04_EE2DC5B04;2;Fokusschall
45983;_rsv_45983_-1_3_0_0_SE2DC5B04_EE2DC5B04;3;Onde agrégée
45983;_rsv_45983_-1_3_0_1_SE2DC5B04_EE2DC5B04;3;Onde agrégée
46139;_rsv_46139_-1_0_0_0_SE2DC5B04_EE2DC5B04;0;トライスターズ・タイラントフォール
46139;_rsv_46139_-1_0_0_1_SE2DC5B04_EE2DC5B04;0;トライスターズ・タイラントフォール
46139;_rsv_46139_-1_1_0_0_SE2DC5B04_EE2DC5B04;1;Triple Tyrannhilation
46139;_rsv_46139_-1_1_0_1_SE2DC5B04_EE2DC5B04;1;Triple Tyrannhilation
46139;_rsv_46139_-1_2_0_0_SE2DC5B04_EE2DC5B04;2;Drillingsstern-Tyrannensturz
46139;_rsv_46139_-1_2_0_1_SE2DC5B04_EE2DC5B04;2;Drillingsstern-Tyrannensturz
46139;_rsv_46139_-1_3_0_0_SE2DC5B04_EE2DC5B04;3;Triple annihilation tyrannique
46139;_rsv_46139_-1_3_0_1_SE2DC5B04_EE2DC5B04;3;Triple annihilation tyrannique
46140;_rsv_46140_-1_0_0_0_SE2DC5B04_EE2DC5B04;0;トライスターズ・タイラントフォール
46140;_rsv_46140_-1_0_0_1_SE2DC5B04_EE2DC5B04;0;トライスターズ・タイラントフォール
46140;_rsv_46140_-1_1_0_0_SE2DC5B04_EE2DC5B04;1;Triple Tyrannhilation
46140;_rsv_46140_-1_1_0_1_SE2DC5B04_EE2DC5B04;1;Triple Tyrannhilation
46140;_rsv_46140_-1_2_0_0_SE2DC5B04_EE2DC5B04;2;Drillingsstern-Tyrannensturz
46140;_rsv_46140_-1_2_0_1_SE2DC5B04_EE2DC5B04;2;Drillingsstern-Tyrannensturz
46140;_rsv_46140_-1_3_0_0_SE2DC5B04_EE2DC5B04;3;Triple annihilation tyrannique
46140;_rsv_46140_-1_3_0_1_SE2DC5B04_EE2DC5B04;3;Triple annihilation tyrannique
46170;_rsv_46170_-1_0_0_0_SE2DC5B04_EE2DC5B04;0;フォーウェイ・スピンファイア
46170;_rsv_46170_-1_0_0_1_SE2DC5B04_EE2DC5B04;0;フォーウェイ・スピンファイア
46170;_rsv_46170_-1_1_0_0_SE2DC5B04_EE2DC5B04;1;Four-way Fireball
46170;_rsv_46170_-1_1_0_1_SE2DC5B04_EE2DC5B04;1;Four-way Fireball
46170;_rsv_46170_-1_2_0_0_SE2DC5B04_EE2DC5B04;2;Vierfaches Drehfeuer
46170;_rsv_46170_-1_2_0_1_SE2DC5B04_EE2DC5B04;2;Vierfaches Drehfeuer
46170;_rsv_46170_-1_3_0_0_SE2DC5B04_EE2DC5B04;3;Flammes tournoyante croisées
46170;_rsv_46170_-1_3_0_1_SE2DC5B04_EE2DC5B04;3;Flammes tournoyante croisées
46171;_rsv_46171_-1_0_0_0_SE2DC5B04_EE2DC5B04;0;フォーウェイ・スピンファイア
46171;_rsv_46171_-1_0_0_1_SE2DC5B04_EE2DC5B04;0;フォーウェイ・スピンファイア
46171;_rsv_46171_-1_1_0_0_SE2DC5B04_EE2DC5B04;1;Four-way Fireball
46171;_rsv_46171_-1_1_0_1_SE2DC5B04_EE2DC5B04;1;Four-way Fireball
46171;_rsv_46171_-1_2_0_0_SE2DC5B04_EE2DC5B04;2;Vierfaches Drehfeuer
46171;_rsv_46171_-1_2_0_1_SE2DC5B04_EE2DC5B04;2;Vierfaches Drehfeuer
46171;_rsv_46171_-1_3_0_0_SE2DC5B04_EE2DC5B04;3;Flammes tournoyante croisées
46171;_rsv_46171_-1_3_0_1_SE2DC5B04_EE2DC5B04;3;Flammes tournoyante croisées
46188;_rsv_46188_-1_0_0_0_SE2DC5B04_EE2DC5B04;0;レプリケーション
46188;_rsv_46188_-1_0_0_1_SE2DC5B04_EE2DC5B04;0;レプリケーション
46188;_rsv_46188_-1_1_0_0_SE2DC5B04_EE2DC5B04;1;Replication
46188;_rsv_46188_-1_1_0_1_SE2DC5B04_EE2DC5B04;1;Replication
46188;_rsv_46188_-1_2_0_0_SE2DC5B04_EE2DC5B04;2;Zellteilung
46188;_rsv_46188_-1_2_0_1_SE2DC5B04_EE2DC5B04;2;Zellteilung
46188;_rsv_46188_-1_3_0_0_SE2DC5B04_EE2DC5B04;3;Réplication
46188;_rsv_46188_-1_3_0_1_SE2DC5B04_EE2DC5B04;3;Réplication
46252;_rsv_46252_-1_0_0_0_SE2DC5B04_EE2DC5B04;0;細胞消失
46252;_rsv_46252_-1_0_0_1_SE2DC5B04_EE2DC5B04;0;細胞消失
46252;_rsv_46252_-1_1_0_0_SE2DC5B04_EE2DC5B04;1;Cell Shedding
46252;_rsv_46252_-1_1_0_1_SE2DC5B04_EE2DC5B04;1;Cell Shedding
46252;_rsv_46252_-1_2_0_0_SE2DC5B04_EE2DC5B04;2;Zelleliminierung
46252;_rsv_46252_-1_2_0_1_SE2DC5B04_EE2DC5B04;2;Zelleliminierung
46252;_rsv_46252_-1_3_0_0_SE2DC5B04_EE2DC5B04;3;Oblitération cellulaire
46252;_rsv_46252_-1_3_0_1_SE2DC5B04_EE2DC5B04;3;Oblitération cellulaire
46253;_rsv_46253_-1_0_0_0_SE2DC5B04_EE2DC5B04;0;致死細胞
46253;_rsv_46253_-1_0_0_1_SE2DC5B04_EE2DC5B04;0;致死細胞
46253;_rsv_46253_-1_1_0_0_SE2DC5B04_EE2DC5B04;1;Cell Death
46253;_rsv_46253_-1_1_0_1_SE2DC5B04_EE2DC5B04;1;Cell Death
46253;_rsv_46253_-1_2_0_0_SE2DC5B04_EE2DC5B04;2;Todeszelle
46253;_rsv_46253_-1_2_0_1_SE2DC5B04_EE2DC5B04;2;Todeszelle
46253;_rsv_46253_-1_3_0_0_SE2DC5B04_EE2DC5B04;3;Cellules létales
46253;_rsv_46253_-1_3_0_1_SE2DC5B04_EE2DC5B04;3;Cellules létales
46287;_rsv_46287_-1_0_0_0_SE2DC5B04_EE2DC5B04;0;ラプターナックル
46287;_rsv_46287_-1_0_0_1_SE2DC5B04_EE2DC5B04;0;ラプターナックル
46287;_rsv_46287_-1_1_0_0_SE2DC5B04_EE2DC5B04;1;Raptor Knuckles
46287;_rsv_46287_-1_1_0_1_SE2DC5B04_EE2DC5B04;1;Raptor Knuckles
46287;_rsv_46287_-1_2_0_0_SE2DC5B04_EE2DC5B04;2;Berstender Knöchel
46287;_rsv_46287_-1_2_0_1_SE2DC5B04_EE2DC5B04;2;Berstender Knöchel
46287;_rsv_46287_-1_3_0_0_SE2DC5B04_EE2DC5B04;3;Poing du prédateur
46287;_rsv_46287_-1_3_0_1_SE2DC5B04_EE2DC5B04;3;Poing du prédateur
46288;_rsv_46288_-1_0_0_0_SE2DC5B04_EE2DC5B04;0;ラプターナックル
46288;_rsv_46288_-1_0_0_1_SE2DC5B04_EE2DC5B04;0;ラプターナックル
46288;_rsv_46288_-1_1_0_0_SE2DC5B04_EE2DC5B04;1;Raptor Knuckles
46288;_rsv_46288_-1_1_0_1_SE2DC5B04_EE2DC5B04;1;Raptor Knuckles
46288;_rsv_46288_-1_2_0_0_SE2DC5B04_EE2DC5B04;2;Berstender Knöchel
46288;_rsv_46288_-1_2_0_1_SE2DC5B04_EE2DC5B04;2;Berstender Knöchel
46288;_rsv_46288_-1_3_0_0_SE2DC5B04_EE2DC5B04;3;Poing du prédateur
46288;_rsv_46288_-1_3_0_1_SE2DC5B04_EE2DC5B04;3;Poing du prédateur
46296;_rsv_46296_-1_0_0_0_SE2DC5B04_EE2DC5B04;0;レプリケーション
46296;_rsv_46296_-1_0_0_1_SE2DC5B04_EE2DC5B04;0;レプリケーション
46296;_rsv_46296_-1_1_0_0_SE2DC5B04_EE2DC5B04;1;Replication
46296;_rsv_46296_-1_1_0_1_SE2DC5B04_EE2DC5B04;1;Replication
46296;_rsv_46296_-1_2_0_0_SE2DC5B04_EE2DC5B04;2;Zellteilung
46296;_rsv_46296_-1_2_0_1_SE2DC5B04_EE2DC5B04;2;Zellteilung
46296;_rsv_46296_-1_3_0_0_SE2DC5B04_EE2DC5B04;3;Réplication
46296;_rsv_46296_-1_3_0_1_SE2DC5B04_EE2DC5B04;3;Réplication
46305;_rsv_46305_-1_0_0_0_SE2DC5B04_EE2DC5B04;0;模倣細胞
46305;_rsv_46305_-1_0_0_1_SE2DC5B04_EE2DC5B04;0;模倣細胞
46305;_rsv_46305_-1_1_0_0_SE2DC5B04_EE2DC5B04;1;Staging
46305;_rsv_46305_-1_1_0_1_SE2DC5B04_EE2DC5B04;1;Staging
46305;_rsv_46305_-1_2_0_0_SE2DC5B04_EE2DC5B04;2;Mimikry-Zellen
46305;_rsv_46305_-1_2_0_1_SE2DC5B04_EE2DC5B04;2;Mimikry-Zellen
46305;_rsv_46305_-1_3_0_0_SE2DC5B04_EE2DC5B04;3;Cellules mimétiques
46305;_rsv_46305_-1_3_0_1_SE2DC5B04_EE2DC5B04;3;Cellules mimétiques
46307;_rsv_46307_-1_0_0_0_SE2DC5B04_EE2DC5B04;0;ファイアフォール・スプラッシュ
46307;_rsv_46307_-1_0_0_1_SE2DC5B04_EE2DC5B04;0;ファイアフォール・スプラッシュ
46307;_rsv_46307_-1_1_0_0_SE2DC5B04_EE2DC5B04;1;Firefall Splash
46307;_rsv_46307_-1_1_0_1_SE2DC5B04_EE2DC5B04;1;Firefall Splash
46307;_rsv_46307_-1_2_0_0_SE2DC5B04_EE2DC5B04;2;Feuerfall-Schmetterer
46307;_rsv_46307_-1_2_0_1_SE2DC5B04_EE2DC5B04;2;Feuerfall-Schmetterer
46307;_rsv_46307_-1_3_0_0_SE2DC5B04_EE2DC5B04;3;Écrasement embrasé
46307;_rsv_46307_-1_3_0_1_SE2DC5B04_EE2DC5B04;3;Écrasement embrasé
46308;_rsv_46308_-1_0_0_0_SE2DC5B04_EE2DC5B04;0;ファイアフォール・スプラッシュ
46308;_rsv_46308_-1_0_0_1_SE2DC5B04_EE2DC5B04;0;ファイアフォール・スプラッシュ
46308;_rsv_46308_-1_1_0_0_SE2DC5B04_EE2DC5B04;1;Firefall Splash
46308;_rsv_46308_-1_1_0_1_SE2DC5B04_EE2DC5B04;1;Firefall Splash
46308;_rsv_46308_-1_2_0_0_SE2DC5B04_EE2DC5B04;2;Feuerfall-Schmetterer
46308;_rsv_46308_-1_2_0_1_SE2DC5B04_EE2DC5B04;2;Feuerfall-Schmetterer
46308;_rsv_46308_-1_3_0_0_SE2DC5B04_EE2DC5B04;3;Écrasement embrasé
46308;_rsv_46308_-1_3_0_1_SE2DC5B04_EE2DC5B04;3;Écrasement embrasé
46313;_rsv_46313_-1_0_0_0_SE2DC5B04_EE2DC5B04;0;細胞付着
46313;_rsv_46313_-1_0_0_1_SE2DC5B04_EE2DC5B04;0;細胞付着
46313;_rsv_46313_-1_1_0_0_SE2DC5B04_EE2DC5B04;1;Grotesquerie
46313;_rsv_46313_-1_1_0_1_SE2DC5B04_EE2DC5B04;1;Grotesquerie
46313;_rsv_46313_-1_2_0_0_SE2DC5B04_EE2DC5B04;2;Zellbefall
46313;_rsv_46313_-1_2_0_1_SE2DC5B04_EE2DC5B04;2;Zellbefall
46313;_rsv_46313_-1_3_0_0_SE2DC5B04_EE2DC5B04;3;Cellules parasites
46313;_rsv_46313_-1_3_0_1_SE2DC5B04_EE2DC5B04;3;Cellules parasites
46314;_rsv_46314_-1_0_0_0_SE2DC5B04_EE2DC5B04;0;細胞付着
46314;_rsv_46314_-1_0_0_1_SE2DC5B04_EE2DC5B04;0;細胞付着
46314;_rsv_46314_-1_1_0_0_SE2DC5B04_EE2DC5B04;1;Grotesquerie
46314;_rsv_46314_-1_1_0_1_SE2DC5B04_EE2DC5B04;1;Grotesquerie
46314;_rsv_46314_-1_2_0_0_SE2DC5B04_EE2DC5B04;2;Zellbefall
46314;_rsv_46314_-1_2_0_1_SE2DC5B04_EE2DC5B04;2;Zellbefall
46314;_rsv_46314_-1_3_0_0_SE2DC5B04_EE2DC5B04;3;Cellules parasites
46314;_rsv_46314_-1_3_0_1_SE2DC5B04_EE2DC5B04;3;Cellules parasites
46316;_rsv_46316_-1_0_0_0_SE2DC5B04_EE2DC5B04;0;リエナクトメント
46316;_rsv_46316_-1_0_0_1_SE2DC5B04_EE2DC5B04;0;リエナクトメント
46316;_rsv_46316_-1_1_0_0_SE2DC5B04_EE2DC5B04;1;Reenactment
46316;_rsv_46316_-1_1_0_1_SE2DC5B04_EE2DC5B04;1;Reenactment
46316;_rsv_46316_-1_2_0_0_SE2DC5B04_EE2DC5B04;2;Memento Mimikry
46316;_rsv_46316_-1_2_0_1_SE2DC5B04_EE2DC5B04;2;Memento Mimikry
46316;_rsv_46316_-1_3_0_0_SE2DC5B04_EE2DC5B04;3;Reconstitution
46316;_rsv_46316_-1_3_0_1_SE2DC5B04_EE2DC5B04;3;Reconstitution
46322;_rsv_46322_-1_0_0_0_SE2DC5B04_EE2DC5B04;0;リンドブルム・メテオ
46322;_rsv_46322_-1_0_0_1_SE2DC5B04_EE2DC5B04;0;リンドブルム・メテオ
46322;_rsv_46322_-1_1_0_0_SE2DC5B04_EE2DC5B04;1;Lindwurm's Meteor
46322;_rsv_46322_-1_1_0_1_SE2DC5B04_EE2DC5B04;1;Lindwurm's Meteor
46322;_rsv_46322_-1_2_0_0_SE2DC5B04_EE2DC5B04;2;Lindwurm-Meteo
46322;_rsv_46322_-1_2_0_1_SE2DC5B04_EE2DC5B04;2;Lindwurm-Meteo
46322;_rsv_46322_-1_3_0_0_SE2DC5B04_EE2DC5B04;3;Météores du Lindwurm
46322;_rsv_46322_-1_3_0_1_SE2DC5B04_EE2DC5B04;3;Météores du Lindwurm
46323;_rsv_46323_-1_0_0_0_SE2DC5B04_EE2DC5B04;0;ダウンフォール
46323;_rsv_46323_-1_0_0_1_SE2DC5B04_EE2DC5B04;0;ダウンフォール
46323;_rsv_46323_-1_1_0_0_SE2DC5B04_EE2DC5B04;1;Downfall
46323;_rsv_46323_-1_1_0_1_SE2DC5B04_EE2DC5B04;1;Downfall
46323;_rsv_46323_-1_2_0_0_SE2DC5B04_EE2DC5B04;2;Vollkommener Ruin
46323;_rsv_46323_-1_2_0_1_SE2DC5B04_EE2DC5B04;2;Vollkommener Ruin
46323;_rsv_46323_-1_3_0_0_SE2DC5B04_EE2DC5B04;3;Effondrement absolu
46323;_rsv_46323_-1_3_0_1_SE2DC5B04_EE2DC5B04;3;Effondrement absolu
46326;_rsv_46326_-1_0_0_0_SE2DC5B04_EE2DC5B04;0;リンドブルム・ダーラ
46326;_rsv_46326_-1_0_0_1_SE2DC5B04_EE2DC5B04;0;リンドブルム・ダーラ
46326;_rsv_46326_-1_1_0_0_SE2DC5B04_EE2DC5B04;1;Lindwurm's Dark II
46326;_rsv_46326_-1_1_0_1_SE2DC5B04_EE2DC5B04;1;Lindwurm's Dark II
46326;_rsv_46326_-1_2_0_0_SE2DC5B04_EE2DC5B04;2;Lindwurm-Negra
46326;_rsv_46326_-1_2_0_1_SE2DC5B04_EE2DC5B04;2;Lindwurm-Negra
46326;_rsv_46326_-1_3_0_0_SE2DC5B04_EE2DC5B04;3;Fusion du Lindwurm
46326;_rsv_46326_-1_3_0_1_SE2DC5B04_EE2DC5B04;3;Fusion du Lindwurm
46327;_rsv_46327_-1_0_0_0_SE2DC5B04_EE2DC5B04;0;リンドブルム・ストンガ
46327;_rsv_46327_-1_0_0_1_SE2DC5B04_EE2DC5B04;0;リンドブルム・ストンガ
46327;_rsv_46327_-1_1_0_0_SE2DC5B04_EE2DC5B04;1;Lindwurm's Stone III
46327;_rsv_46327_-1_1_0_1_SE2DC5B04_EE2DC5B04;1;Lindwurm's Stone III
46327;_rsv_46327_-1_2_0_0_SE2DC5B04_EE2DC5B04;2;Lindwurm-Steinga
46327;_rsv_46327_-1_2_0_1_SE2DC5B04_EE2DC5B04;2;Lindwurm-Steinga
46327;_rsv_46327_-1_3_0_0_SE2DC5B04_EE2DC5B04;3;Méga Terre du Lindwurm
46327;_rsv_46327_-1_3_0_1_SE2DC5B04_EE2DC5B04;3;Méga Terre du Lindwurm
46328;_rsv_46328_-1_0_0_0_SE2DC5B04_EE2DC5B04;0;リンドブルム・グレア
46328;_rsv_46328_-1_0_0_1_SE2DC5B04_EE2DC5B04;0;リンドブルム・グレア
46328;_rsv_46328_-1_1_0_0_SE2DC5B04_EE2DC5B04;1;Lindwurm's Glare
46328;_rsv_46328_-1_1_0_1_SE2DC5B04_EE2DC5B04;1;Lindwurm's Glare
46328;_rsv_46328_-1_2_0_0_SE2DC5B04_EE2DC5B04;2;Lindwurm-Blendung
46328;_rsv_46328_-1_2_0_1_SE2DC5B04_EE2DC5B04;2;Lindwurm-Blendung
46328;_rsv_46328_-1_3_0_0_SE2DC5B04_EE2DC5B04;3;Obscurité du Lindwurm
46328;_rsv_46328_-1_3_0_1_SE2DC5B04_EE2DC5B04;3;Obscurité du Lindwurm
46329;_rsv_46329_-1_0_0_0_SE2DC5B04_EE2DC5B04;0;リンドブルム・ヒート
46329;_rsv_46329_-1_0_0_1_SE2DC5B04_EE2DC5B04;0;リンドブルム・ヒート
46329;_rsv_46329_-1_1_0_0_SE2DC5B04_EE2DC5B04;1;Pyretic Wurm
46329;_rsv_46329_-1_1_0_1_SE2DC5B04_EE2DC5B04;1;Pyretic Wurm
46329;_rsv_46329_-1_2_0_0_SE2DC5B04_EE2DC5B04;2;Lindwurm-Hitze
46329;_rsv_46329_-1_2_0_1_SE2DC5B04_EE2DC5B04;2;Lindwurm-Hitze
46329;_rsv_46329_-1_3_0_0_SE2DC5B04_EE2DC5B04;3;Ardeur du Lindwurm
46329;_rsv_46329_-1_3_0_1_SE2DC5B04_EE2DC5B04;3;Ardeur du Lindwurm
46330;_rsv_46330_-1_0_0_0_SE2DC5B04_EE2DC5B04;0;リンドブルム・サンダラ
46330;_rsv_46330_-1_0_0_1_SE2DC5B04_EE2DC5B04;0;リンドブルム・サンダラ
46330;_rsv_46330_-1_1_0_0_SE2DC5B04_EE2DC5B04;1;Lindwurm's Thunder II
46330;_rsv_46330_-1_1_0_1_SE2DC5B04_EE2DC5B04;1;Lindwurm's Thunder II
46330;_rsv_46330_-1_2_0_0_SE2DC5B04_EE2DC5B04;2;Lindwurm-Blitzra
46330;_rsv_46330_-1_2_0_1_SE2DC5B04_EE2DC5B04;2;Lindwurm-Blitzra
46330;_rsv_46330_-1_3_0_0_SE2DC5B04_EE2DC5B04;3;Extra Foudre du Lindwurm
46330;_rsv_46330_-1_3_0_1_SE2DC5B04_EE2DC5B04;3;Extra Foudre du Lindwurm
46331;_rsv_46331_-1_0_0_0_SE2DC5B04_EE2DC5B04;0;マナスフィア
46331;_rsv_46331_-1_0_0_1_SE2DC5B04_EE2DC5B04;0;マナスフィア
46331;_rsv_46331_-1_1_0_0_SE2DC5B04_EE2DC5B04;1;Blood Mana
46331;_rsv_46331_-1_1_0_1_SE2DC5B04_EE2DC5B04;1;Blood Mana
46331;_rsv_46331_-1_2_0_0_SE2DC5B04_EE2DC5B04;2;Manasphären
46331;_rsv_46331_-1_2_0_1_SE2DC5B04_EE2DC5B04;2;Manasphären
46331;_rsv_46331_-1_3_0_0_SE2DC5B04_EE2DC5B04;3;Sphère de mana
46331;_rsv_46331_-1_3_0_1_SE2DC5B04_EE2DC5B04;3;Sphère de mana
46334;_rsv_46334_-1_0_0_0_SE2DC5B04_EE2DC5B04;0;魔力放散
46334;_rsv_46334_-1_0_0_1_SE2DC5B04_EE2DC5B04;0;魔力放散
46334;_rsv_46334_-1_1_0_0_SE2DC5B04_EE2DC5B04;1;Bloody Burst
46334;_rsv_46334_-1_1_0_1_SE2DC5B04_EE2DC5B04;1;Bloody Burst
46334;_rsv_46334_-1_2_0_0_SE2DC5B04_EE2DC5B04;2;Ätherentfesselung
46334;_rsv_46334_-1_2_0_1_SE2DC5B04_EE2DC5B04;2;Ätherentfesselung
46334;_rsv_46334_-1_3_0_0_SE2DC5B04_EE2DC5B04;3;Dissipation magique
46334;_rsv_46334_-1_3_0_1_SE2DC5B04_EE2DC5B04;3;Dissipation magique
46336;_rsv_46336_-1_0_0_0_SE2DC5B04_EE2DC5B04;0;マナスフィア・アウェイク
46336;_rsv_46336_-1_0_0_1_SE2DC5B04_EE2DC5B04;0;マナスフィア・アウェイク
46336;_rsv_46336_-1_1_0_0_SE2DC5B04_EE2DC5B04;1;Blood Wakening
46336;_rsv_46336_-1_1_0_1_SE2DC5B04_EE2DC5B04;1;Blood Wakening
46336;_rsv_46336_-1_2_0_0_SE2DC5B04_EE2DC5B04;2;Manasphären-Erweckung
46336;_rsv_46336_-1_2_0_1_SE2DC5B04_EE2DC5B04;2;Manasphären-Erweckung
46336;_rsv_46336_-1_3_0_0_SE2DC5B04_EE2DC5B04;3;Sphère de mana éveillée
46336;_rsv_46336_-1_3_0_1_SE2DC5B04_EE2DC5B04;3;Sphère de mana éveillée
46337;_rsv_46337_-1_0_0_0_SE2DC5B04_EE2DC5B04;0;リンドブルム・ウォタガ
46337;_rsv_46337_-1_0_0_1_SE2DC5B04_EE2DC5B04;0;リンドブルム・ウォタガ
46337;_rsv_46337_-1_1_0_0_SE2DC5B04_EE2DC5B04;1;Lindwurm's Water III
46337;_rsv_46337_-1_1_0_1_SE2DC5B04_EE2DC5B04;1;Lindwurm's Water III
46337;_rsv_46337_-1_2_0_0_SE2DC5B04_EE2DC5B04;2;Lindwurm-Aquaga
46337;_rsv_46337_-1_2_0_1_SE2DC5B04_EE2DC5B04;2;Lindwurm-Aquaga
46337;_rsv_46337_-1_3_0_0_SE2DC5B04_EE2DC5B04;3;Méga Eau du Lindwurm
46337;_rsv_46337_-1_3_0_1_SE2DC5B04_EE2DC5B04;3;Méga Eau du Lindwurm
46338;_rsv_46338_-1_0_0_0_SE2DC5B04_EE2DC5B04;0;リンドブルム・エアロガ
46338;_rsv_46338_-1_0_0_1_SE2DC5B04_EE2DC5B04;0;リンドブルム・エアロガ
46338;_rsv_46338_-1_1_0_0_SE2DC5B04_EE2DC5B04;1;Lindwurm's Aero III
46338;_rsv_46338_-1_1_0_1_SE2DC5B04_EE2DC5B04;1;Lindwurm's Aero III
46338;_rsv_46338_-1_2_0_0_SE2DC5B04_EE2DC5B04;2;Lindwurm-Windga
46338;_rsv_46338_-1_2_0_1_SE2DC5B04_EE2DC5B04;2;Lindwurm-Windga
46338;_rsv_46338_-1_3_0_0_SE2DC5B04_EE2DC5B04;3;Méga Vent du Lindwurm
46338;_rsv_46338_-1_3_0_1_SE2DC5B04_EE2DC5B04;3;Méga Vent du Lindwurm
46339;_rsv_46339_-1_0_0_0_SE2DC5B04_EE2DC5B04;0;バーチカルサンダラ
46339;_rsv_46339_-1_0_0_1_SE2DC5B04_EE2DC5B04;0;バーチカルサンダラ
46339;_rsv_46339_-1_1_0_0_SE2DC5B04_EE2DC5B04;1;Straightforward Thunder II
46339;_rsv_46339_-1_1_0_1_SE2DC5B04_EE2DC5B04;1;Straightforward Thunder II
46339;_rsv_46339_-1_2_0_0_SE2DC5B04_EE2DC5B04;2;Vertikales Blitzra
46339;_rsv_46339_-1_2_0_1_SE2DC5B04_EE2DC5B04;2;Vertikales Blitzra
46339;_rsv_46339_-1_3_0_0_SE2DC5B04_EE2DC5B04;3;Extra Foudre verticale
46339;_rsv_46339_-1_3_0_1_SE2DC5B04_EE2DC5B04;3;Extra Foudre verticale
46340;_rsv_46340_-1_0_0_0_SE2DC5B04_EE2DC5B04;0;ホリゾンタルファイラ
46340;_rsv_46340_-1_0_0_1_SE2DC5B04_EE2DC5B04;0;ホリゾンタルファイラ
46340;_rsv_46340_-1_1_0_0_SE2DC5B04_EE2DC5B04;1;Sideways Fire II
46340;_rsv_46340_-1_1_0_1_SE2DC5B04_EE2DC5B04;1;Sideways Fire II
46340;_rsv_46340_-1_2_0_0_SE2DC5B04_EE2DC5B04;2;Horizontales Feura
46340;_rsv_46340_-1_2_0_1_SE2DC5B04_EE2DC5B04;2;Horizontales Feura
46340;_rsv_46340_-1_3_0_0_SE2DC5B04_EE2DC5B04;3;Extra Feu horizontal
46340;_rsv_46340_-1_3_0_1_SE2DC5B04_EE2DC5B04;3;Extra Feu horizontal
46341;_rsv_46341_-1_0_0_0_SE2DC5B04_EE2DC5B04;0;変異細胞
46341;_rsv_46341_-1_0_0_1_SE2DC5B04_EE2DC5B04;0;変異細胞
46341;_rsv_46341_-1_1_0_0_SE2DC5B04_EE2DC5B04;1;Mutating Cells
46341;_rsv_46341_-1_1_0_1_SE2DC5B04_EE2DC5B04;1;Mutating Cells
46341;_rsv_46341_-1_2_0_0_SE2DC5B04_EE2DC5B04;2;Mutationszellen
46341;_rsv_46341_-1_2_0_1_SE2DC5B04_EE2DC5B04;2;Mutationszellen
46341;_rsv_46341_-1_3_0_0_SE2DC5B04_EE2DC5B04;3;Cellules mutantes
46341;_rsv_46341_-1_3_0_1_SE2DC5B04_EE2DC5B04;3;Cellules mutantes
46345;_rsv_46345_-1_0_0_0_SE2DC5B04_EE2DC5B04;0;アルカディアン・ドリーム
46345;_rsv_46345_-1_0_0_1_SE2DC5B04_EE2DC5B04;0;アルカディアン・ドリーム
46345;_rsv_46345_-1_1_0_0_SE2DC5B04_EE2DC5B04;1;Idyllic Dream
46345;_rsv_46345_-1_1_0_1_SE2DC5B04_EE2DC5B04;1;Idyllic Dream
46345;_rsv_46345_-1_2_0_0_SE2DC5B04_EE2DC5B04;2;Arkadischer Traum
46345;_rsv_46345_-1_2_0_1_SE2DC5B04_EE2DC5B04;2;Arkadischer Traum
46345;_rsv_46345_-1_3_0_0_SE2DC5B04_EE2DC5B04;3;Rêve arcadien
46345;_rsv_46345_-1_3_0_1_SE2DC5B04_EE2DC5B04;3;Rêve arcadien
46364;_rsv_46364_-1_0_0_0_SE2DC5B04_EE2DC5B04;0;空間裂断
46364;_rsv_46364_-1_0_0_1_SE2DC5B04_EE2DC5B04;0;空間裂断
46364;_rsv_46364_-1_1_0_0_SE2DC5B04_EE2DC5B04;1;Temporal Curtain
46364;_rsv_46364_-1_1_0_1_SE2DC5B04_EE2DC5B04;1;Temporal Curtain
46364;_rsv_46364_-1_2_0_0_SE2DC5B04_EE2DC5B04;2;Raumspalt
46364;_rsv_46364_-1_2_0_1_SE2DC5B04_EE2DC5B04;2;Raumspalt
46364;_rsv_46364_-1_3_0_0_SE2DC5B04_EE2DC5B04;3;Rupture spatiale
46364;_rsv_46364_-1_3_0_1_SE2DC5B04_EE2DC5B04;3;Rupture spatiale
46368;_rsv_46368_-1_0_0_0_SE2DC5B04_EE2DC5B04;0;ダブルソバット
46368;_rsv_46368_-1_0_0_1_SE2DC5B04_EE2DC5B04;0;ダブルソバット
46368;_rsv_46368_-1_1_0_0_SE2DC5B04_EE2DC5B04;1;Double Sobat
46368;_rsv_46368_-1_1_0_1_SE2DC5B04_EE2DC5B04;1;Double Sobat
46368;_rsv_46368_-1_2_0_0_SE2DC5B04_EE2DC5B04;2;Doppel-Sobat
46368;_rsv_46368_-1_2_0_1_SE2DC5B04_EE2DC5B04;2;Doppel-Sobat
46368;_rsv_46368_-1_3_0_0_SE2DC5B04_EE2DC5B04;3;Double coup de pied
46368;_rsv_46368_-1_3_0_1_SE2DC5B04_EE2DC5B04;3;Double coup de pied
46369;_rsv_46369_-1_0_0_0_SE2DC5B04_EE2DC5B04;0;ダブルソバット
46369;_rsv_46369_-1_0_0_1_SE2DC5B04_EE2DC5B04;0;ダブルソバット
46369;_rsv_46369_-1_1_0_0_SE2DC5B04_EE2DC5B04;1;Double Sobat
46369;_rsv_46369_-1_1_0_1_SE2DC5B04_EE2DC5B04;1;Double Sobat
46369;_rsv_46369_-1_2_0_0_SE2DC5B04_EE2DC5B04;2;Doppel-Sobat
46369;_rsv_46369_-1_2_0_1_SE2DC5B04_EE2DC5B04;2;Doppel-Sobat
46369;_rsv_46369_-1_3_0_0_SE2DC5B04_EE2DC5B04;3;Double coup de pied
46369;_rsv_46369_-1_3_0_1_SE2DC5B04_EE2DC5B04;3;Double coup de pied
46370;_rsv_46370_-1_0_0_0_SE2DC5B04_EE2DC5B04;0;ダブルソバット
46370;_rsv_46370_-1_0_0_1_SE2DC5B04_EE2DC5B04;0;ダブルソバット
46370;_rsv_46370_-1_1_0_0_SE2DC5B04_EE2DC5B04;1;Double Sobat
46370;_rsv_46370_-1_1_0_1_SE2DC5B04_EE2DC5B04;1;Double Sobat
46370;_rsv_46370_-1_2_0_0_SE2DC5B04_EE2DC5B04;2;Doppel-Sobat
46370;_rsv_46370_-1_2_0_1_SE2DC5B04_EE2DC5B04;2;Doppel-Sobat
46370;_rsv_46370_-1_3_0_0_SE2DC5B04_EE2DC5B04;3;Double coup de pied
46370;_rsv_46370_-1_3_0_1_SE2DC5B04_EE2DC5B04;3;Double coup de pied
46371;_rsv_46371_-1_0_0_0_SE2DC5B04_EE2DC5B04;0;ダブルソバット
46371;_rsv_46371_-1_0_0_1_SE2DC5B04_EE2DC5B04;0;ダブルソバット
46371;_rsv_46371_-1_1_0_0_SE2DC5B04_EE2DC5B04;1;Double Sobat
46371;_rsv_46371_-1_1_0_1_SE2DC5B04_EE2DC5B04;1;Double Sobat
46371;_rsv_46371_-1_2_0_0_SE2DC5B04_EE2DC5B04;2;Doppel-Sobat
46371;_rsv_46371_-1_2_0_1_SE2DC5B04_EE2DC5B04;2;Doppel-Sobat
46371;_rsv_46371_-1_3_0_0_SE2DC5B04_EE2DC5B04;3;Double coup de pied
46371;_rsv_46371_-1_3_0_1_SE2DC5B04_EE2DC5B04;3;Double coup de pied
46372;_rsv_46372_-1_0_0_0_SE2DC5B04_EE2DC5B04;0;ダブルソバット
46372;_rsv_46372_-1_0_0_1_SE2DC5B04_EE2DC5B04;0;ダブルソバット
46372;_rsv_46372_-1_1_0_0_SE2DC5B04_EE2DC5B04;1;Double Sobat
46372;_rsv_46372_-1_1_0_1_SE2DC5B04_EE2DC5B04;1;Double Sobat
46372;_rsv_46372_-1_2_0_0_SE2DC5B04_EE2DC5B04;2;Doppel-Sobat
46372;_rsv_46372_-1_2_0_1_SE2DC5B04_EE2DC5B04;2;Doppel-Sobat
46372;_rsv_46372_-1_3_0_0_SE2DC5B04_EE2DC5B04;3;Double coup de pied
46372;_rsv_46372_-1_3_0_1_SE2DC5B04_EE2DC5B04;3;Double coup de pied
46373;_rsv_46373_-1_0_0_0_SE2DC5B04_EE2DC5B04;0;ダブルソバット
46373;_rsv_46373_-1_0_0_1_SE2DC5B04_EE2DC5B04;0;ダブルソバット
46373;_rsv_46373_-1_1_0_0_SE2DC5B04_EE2DC5B04;1;Double Sobat
46373;_rsv_46373_-1_1_0_1_SE2DC5B04_EE2DC5B04;1;Double Sobat
46373;_rsv_46373_-1_2_0_0_SE2DC5B04_EE2DC5B04;2;Doppel-Sobat
46373;_rsv_46373_-1_2_0_1_SE2DC5B04_EE2DC5B04;2;Doppel-Sobat
46373;_rsv_46373_-1_3_0_0_SE2DC5B04_EE2DC5B04;3;Double coup de pied
46373;_rsv_46373_-1_3_0_1_SE2DC5B04_EE2DC5B04;3;Double coup de pied
46377;_rsv_46377_-1_0_0_0_SE2DC5B04_EE2DC5B04;0;アルカディアン・アルケイナム
46377;_rsv_46377_-1_0_0_1_SE2DC5B04_EE2DC5B04;0;アルカディアン・アルケイナム
46377;_rsv_46377_-1_1_0_0_SE2DC5B04_EE2DC5B04;1;Arcadian Arcanum
46377;_rsv_46377_-1_1_0_1_SE2DC5B04_EE2DC5B04;1;Arcadian Arcanum
46377;_rsv_46377_-1_2_0_0_SE2DC5B04_EE2DC5B04;2;Arkadion Arcanum
46377;_rsv_46377_-1_2_0_1_SE2DC5B04_EE2DC5B04;2;Arkadion Arcanum
46377;_rsv_46377_-1_3_0_0_SE2DC5B04_EE2DC5B04;3;Merveilles de l'inconnu
46377;_rsv_46377_-1_3_0_1_SE2DC5B04_EE2DC5B04;3;Merveilles de l'inconnu
46378;_rsv_46378_-1_0_0_0_SE2DC5B04_EE2DC5B04;0;アルカディアン・アルケイナム
46378;_rsv_46378_-1_0_0_1_SE2DC5B04_EE2DC5B04;0;アルカディアン・アルケイナム
46378;_rsv_46378_-1_1_0_0_SE2DC5B04_EE2DC5B04;1;Arcadian Arcanum
46378;_rsv_46378_-1_1_0_1_SE2DC5B04_EE2DC5B04;1;Arcadian Arcanum
46378;_rsv_46378_-1_2_0_0_SE2DC5B04_EE2DC5B04;2;Arkadion Arcanum
46378;_rsv_46378_-1_2_0_1_SE2DC5B04_EE2DC5B04;2;Arkadion Arcanum
46378;_rsv_46378_-1_3_0_0_SE2DC5B04_EE2DC5B04;3;Merveilles de l'inconnu
46378;_rsv_46378_-1_3_0_1_SE2DC5B04_EE2DC5B04;3;Merveilles de l'inconnu
46379;_rsv_46379_-1_0_0_0_SE2DC5B04_EE2DC5B04;0;ネザーワールド・ニア
46379;_rsv_46379_-1_0_0_1_SE2DC5B04_EE2DC5B04;0;ネザーワールド・ニア
46379;_rsv_46379_-1_1_0_0_SE2DC5B04_EE2DC5B04;1;Netherworld Near
46379;_rsv_46379_-1_1_0_1_SE2DC5B04_EE2DC5B04;1;Netherworld Near
46379;_rsv_46379_-1_2_0_0_SE2DC5B04_EE2DC5B04;2;Nahe Unterwelt
46379;_rsv_46379_-1_2_0_1_SE2DC5B04_EE2DC5B04;2;Nahe Unterwelt
46379;_rsv_46379_-1_3_0_0_SE2DC5B04_EE2DC5B04;3;Outre-monde : proche
46379;_rsv_46379_-1_3_0_1_SE2DC5B04_EE2DC5B04;3;Outre-monde : proche
46380;_rsv_46380_-1_0_0_0_SE2DC5B04_EE2DC5B04;0;ネザーワールド・ファー
46380;_rsv_46380_-1_0_0_1_SE2DC5B04_EE2DC5B04;0;ネザーワールド・ファー
46380;_rsv_46380_-1_1_0_0_SE2DC5B04_EE2DC5B04;1;Netherworld Far
46380;_rsv_46380_-1_1_0_1_SE2DC5B04_EE2DC5B04;1;Netherworld Far
46380;_rsv_46380_-1_2_0_0_SE2DC5B04_EE2DC5B04;2;Ferne Unterwelt
46380;_rsv_46380_-1_2_0_1_SE2DC5B04_EE2DC5B04;2;Ferne Unterwelt
46380;_rsv_46380_-1_3_0_0_SE2DC5B04_EE2DC5B04;3;Outre-monde : éloigné
46380;_rsv_46380_-1_3_0_1_SE2DC5B04_EE2DC5B04;3;Outre-monde : éloigné
46381;_rsv_46381_-1_0_0_0_SE2DC5B04_EE2DC5B04;0;ネザーワールド・ウェーブ
46381;_rsv_46381_-1_0_0_1_SE2DC5B04_EE2DC5B04;0;ネザーワールド・ウェーブ
46381;_rsv_46381_-1_1_0_0_SE2DC5B04_EE2DC5B04;1;Wailing Wave
46381;_rsv_46381_-1_1_0_1_SE2DC5B04_EE2DC5B04;1;Wailing Wave
46381;_rsv_46381_-1_2_0_0_SE2DC5B04_EE2DC5B04;2;Welle der Unterwelt
46381;_rsv_46381_-1_2_0_1_SE2DC5B04_EE2DC5B04;2;Welle der Unterwelt
46381;_rsv_46381_-1_3_0_0_SE2DC5B04_EE2DC5B04;3;Outre-monde : vague
46381;_rsv_46381_-1_3_0_1_SE2DC5B04_EE2DC5B04;3;Outre-monde : vague
46382;_rsv_46382_-1_0_0_0_SE2DC5B04_EE2DC5B04;0;ネザーレイジ・ニア
46382;_rsv_46382_-1_0_0_1_SE2DC5B04_EE2DC5B04;0;ネザーレイジ・ニア
46382;_rsv_46382_-1_1_0_0_SE2DC5B04_EE2DC5B04;1;Netherwrath Near
46382;_rsv_46382_-1_1_0_1_SE2DC5B04_EE2DC5B04;1;Netherwrath Near
46382;_rsv_46382_-1_2_0_0_SE2DC5B04_EE2DC5B04;2;Naher Zorn der Unterwelt
46382;_rsv_46382_-1_2_0_1_SE2DC5B04_EE2DC5B04;2;Naher Zorn der Unterwelt
46382;_rsv_46382_-1_3_0_0_SE2DC5B04_EE2DC5B04;3;Rage d'outre-monde : proche
46382;_rsv_46382_-1_3_0_1_SE2DC5B04_EE2DC5B04;3;Rage d'outre-monde : proche
46383;_rsv_46383_-1_0_0_0_SE2DC5B04_EE2DC5B04;0;ネザーレイジ・ファー
46383;_rsv_46383_-1_0_0_1_SE2DC5B04_EE2DC5B04;0;ネザーレイジ・ファー
46383;_rsv_46383_-1_1_0_0_SE2DC5B04_EE2DC5B04;1;Netherwrath Far
46383;_rsv_46383_-1_1_0_1_SE2DC5B04_EE2DC5B04;1;Netherwrath Far
46383;_rsv_46383_-1_2_0_0_SE2DC5B04_EE2DC5B04;2;Ferner Zorn der Unterwelt
46383;_rsv_46383_-1_2_0_1_SE2DC5B04_EE2DC5B04;2;Ferner Zorn der Unterwelt
46383;_rsv_46383_-1_3_0_0_SE2DC5B04_EE2DC5B04;3;Rage d'outre-monde : éloignée
46383;_rsv_46383_-1_3_0_1_SE2DC5B04_EE2DC5B04;3;Rage d'outre-monde : éloignée
46384;_rsv_46384_-1_0_0_0_SE2DC5B04_EE2DC5B04;0;ネザーレイジ・ウェーブ
46384;_rsv_46384_-1_0_0_1_SE2DC5B04_EE2DC5B04;0;ネザーレイジ・ウェーブ
46384;_rsv_46384_-1_1_0_0_SE2DC5B04_EE2DC5B04;1;Timeless Spite
46384;_rsv_46384_-1_1_0_1_SE2DC5B04_EE2DC5B04;1;Timeless Spite
46384;_rsv_46384_-1_2_0_0_SE2DC5B04_EE2DC5B04;2;Zorneswelle der Unterwelt
46384;_rsv_46384_-1_2_0_1_SE2DC5B04_EE2DC5B04;2;Zorneswelle der Unterwelt
46384;_rsv_46384_-1_3_0_0_SE2DC5B04_EE2DC5B04;3;Rage d'outre-monde : vague
46384;_rsv_46384_-1_3_0_1_SE2DC5B04_EE2DC5B04;3;Rage d'outre-monde : vague
46392;_rsv_46392_-1_0_0_0_SE2DC5B04_EE2DC5B04;0;オーバーキュア・オーバーキル
46392;_rsv_46392_-1_0_0_1_SE2DC5B04_EE2DC5B04;0;オーバーキュア・オーバーキル
46392;_rsv_46392_-1_1_0_0_SE2DC5B04_EE2DC5B04;1;Refreshing Overkill
46392;_rsv_46392_-1_1_0_1_SE2DC5B04_EE2DC5B04;1;Refreshing Overkill
46392;_rsv_46392_-1_2_0_0_SE2DC5B04_EE2DC5B04;2;Übertödliche Überheilung
46392;_rsv_46392_-1_2_0_1_SE2DC5B04_EE2DC5B04;2;Übertödliche Überheilung
46392;_rsv_46392_-1_3_0_0_SE2DC5B04_EE2DC5B04;3;Soin extrême et frappe suprême
46392;_rsv_46392_-1_3_0_1_SE2DC5B04_EE2DC5B04;3;Soin extrême et frappe suprême
46393;_rsv_46393_-1_0_0_0_SE2DC5B04_EE2DC5B04;0;オーバーキュア・オーバーキル
46393;_rsv_46393_-1_0_0_1_SE2DC5B04_EE2DC5B04;0;オーバーキュア・オーバーキル
46393;_rsv_46393_-1_1_0_0_SE2DC5B04_EE2DC5B04;1;Refreshing Overkill
46393;_rsv_46393_-1_1_0_1_SE2DC5B04_EE2DC5B04;1;Refreshing Overkill
46393;_rsv_46393_-1_2_0_0_SE2DC5B04_EE2DC5B04;2;Übertödliche Überheilung
46393;_rsv_46393_-1_2_0_1_SE2DC5B04_EE2DC5B04;2;Übertödliche Überheilung
46393;_rsv_46393_-1_3_0_0_SE2DC5B04_EE2DC5B04;3;Soin extrême et frappe suprême
46393;_rsv_46393_-1_3_0_1_SE2DC5B04_EE2DC5B04;3;Soin extrême et frappe suprême
46394;_rsv_46394_-1_0_0_0_SE2DC5B04_EE2DC5B04;0;オーバーキュア・オーバーキル
46394;_rsv_46394_-1_0_0_1_SE2DC5B04_EE2DC5B04;0;オーバーキュア・オーバーキル
46394;_rsv_46394_-1_1_0_0_SE2DC5B04_EE2DC5B04;1;Refreshing Overkill
46394;_rsv_46394_-1_1_0_1_SE2DC5B04_EE2DC5B04;1;Refreshing Overkill
46394;_rsv_46394_-1_2_0_0_SE2DC5B04_EE2DC5B04;2;Übertödliche Überheilung
46394;_rsv_46394_-1_2_0_1_SE2DC5B04_EE2DC5B04;2;Übertödliche Überheilung
46394;_rsv_46394_-1_3_0_0_SE2DC5B04_EE2DC5B04;3;Soin extrême et frappe suprême
46394;_rsv_46394_-1_3_0_1_SE2DC5B04_EE2DC5B04;3;Soin extrême et frappe suprême
46508;_rsv_46508_-1_0_0_0_SE2DC5B04_EE2DC5B04;0;マッチアップ・フレイムスネーキング
46508;_rsv_46508_-1_0_0_1_SE2DC5B04_EE2DC5B04;0;マッチアップ・フレイムスネーキング
46508;_rsv_46508_-1_1_0_0_SE2DC5B04_EE2DC5B04;1;Synchronized Firesnaking
46508;_rsv_46508_-1_1_0_1_SE2DC5B04_EE2DC5B04;1;Synchronized Firesnaking
46508;_rsv_46508_-1_2_0_0_SE2DC5B04_EE2DC5B04;2;Gemischtes Flammen-Schlängeln
46508;_rsv_46508_-1_2_0_1_SE2DC5B04_EE2DC5B04;2;Gemischtes Flammen-Schlängeln
46508;_rsv_46508_-1_3_0_0_SE2DC5B04_EE2DC5B04;3;Ondulation enflammée coordonnée
46508;_rsv_46508_-1_3_0_1_SE2DC5B04_EE2DC5B04;3;Ondulation enflammée coordonnée
46509;_rsv_46509_-1_0_0_0_SE2DC5B04_EE2DC5B04;0;マッチアップ・ハイドロスネーキング
46509;_rsv_46509_-1_0_0_1_SE2DC5B04_EE2DC5B04;0;マッチアップ・ハイドロスネーキング
46509;_rsv_46509_-1_1_0_0_SE2DC5B04_EE2DC5B04;1;Synchronized Watersnaking
46509;_rsv_46509_-1_1_0_1_SE2DC5B04_EE2DC5B04;1;Synchronized Watersnaking
46509;_rsv_46509_-1_2_0_0_SE2DC5B04_EE2DC5B04;2;Gemischtes Hydro-Schlängeln
46509;_rsv_46509_-1_2_0_1_SE2DC5B04_EE2DC5B04;2;Gemischtes Hydro-Schlängeln
46509;_rsv_46509_-1_3_0_0_SE2DC5B04_EE2DC5B04;3;Ondulation hydrique coordonnée
46509;_rsv_46509_-1_3_0_1_SE2DC5B04_EE2DC5B04;3;Ondulation hydrique coordonnée
46510;_rsv_46510_-1_0_0_0_SE2DC5B04_EE2DC5B04;0;エクストリーム・フレイムスネーキング
46510;_rsv_46510_-1_0_0_1_SE2DC5B04_EE2DC5B04;0;エクストリーム・フレイムスネーキング
46510;_rsv_46510_-1_1_0_0_SE2DC5B04_EE2DC5B04;1;Xtreme Firesnaking
46510;_rsv_46510_-1_1_0_1_SE2DC5B04_EE2DC5B04;1;Xtreme Firesnaking
46510;_rsv_46510_-1_2_0_0_SE2DC5B04_EE2DC5B04;2;Extremes Flammen-Schlängeln
46510;_rsv_46510_-1_2_0_1_SE2DC5B04_EE2DC5B04;2;Extremes Flammen-Schlängeln
46510;_rsv_46510_-1_3_0_0_SE2DC5B04_EE2DC5B04;3;Ondulation enflammée Xtrême
46510;_rsv_46510_-1_3_0_1_SE2DC5B04_EE2DC5B04;3;Ondulation enflammée Xtrême
46511;_rsv_46511_-1_0_0_0_SE2DC5B04_EE2DC5B04;0;エクストリーム・ハイドロスネーキング
46511;_rsv_46511_-1_0_0_1_SE2DC5B04_EE2DC5B04;0;エクストリーム・ハイドロスネーキング
46511;_rsv_46511_-1_1_0_0_SE2DC5B04_EE2DC5B04;1;Xtreme Watersnaking
46511;_rsv_46511_-1_1_0_1_SE2DC5B04_EE2DC5B04;1;Xtreme Watersnaking
46511;_rsv_46511_-1_2_0_0_SE2DC5B04_EE2DC5B04;2;Extremes Hydro-Schlängeln
46511;_rsv_46511_-1_2_0_1_SE2DC5B04_EE2DC5B04;2;Extremes Hydro-Schlängeln
46511;_rsv_46511_-1_3_0_0_SE2DC5B04_EE2DC5B04;3;Ondulation hydrique Xtrême
46511;_rsv_46511_-1_3_0_1_SE2DC5B04_EE2DC5B04;3;Ondulation hydrique Xtrême
46512;_rsv_46512_-1_0_0_0_SE2DC5B04_EE2DC5B04;0;ベイルアウト
46512;_rsv_46512_-1_0_0_1_SE2DC5B04_EE2DC5B04;0;ベイルアウト
46512;_rsv_46512_-1_1_0_0_SE2DC5B04_EE2DC5B04;1;Bailout
46512;_rsv_46512_-1_1_0_1_SE2DC5B04_EE2DC5B04;1;Bailout
46512;_rsv_46512_-1_2_0_0_SE2DC5B04_EE2DC5B04;2;Abstieg
46512;_rsv_46512_-1_2_0_1_SE2DC5B04_EE2DC5B04;2;Abstieg
46512;_rsv_46512_-1_3_0_0_SE2DC5B04_EE2DC5B04;3;Retrait stratégique
46512;_rsv_46512_-1_3_0_1_SE2DC5B04_EE2DC5B04;3;Retrait stratégique
46513;_rsv_46513_-1_0_0_0_SE2DC5B04_EE2DC5B04;0;ベイルアウト
46513;_rsv_46513_-1_0_0_1_SE2DC5B04_EE2DC5B04;0;ベイルアウト
46513;_rsv_46513_-1_1_0_0_SE2DC5B04_EE2DC5B04;1;Bailout
46513;_rsv_46513_-1_1_0_1_SE2DC5B04_EE2DC5B04;1;Bailout
46513;_rsv_46513_-1_2_0_0_SE2DC5B04_EE2DC5B04;2;Abstieg
46513;_rsv_46513_-1_2_0_1_SE2DC5B04_EE2DC5B04;2;Abstieg
46513;_rsv_46513_-1_3_0_0_SE2DC5B04_EE2DC5B04;3;Retrait stratégique
46513;_rsv_46513_-1_3_0_1_SE2DC5B04_EE2DC5B04;3;Retrait stratégique
46514;_rsv_46514_-1_0_0_0_SE2DC5B04_EE2DC5B04;0;ワイプアウト
46514;_rsv_46514_-1_0_0_1_SE2DC5B04_EE2DC5B04;0;ワイプアウト
46514;_rsv_46514_-1_1_0_0_SE2DC5B04_EE2DC5B04;1;Wipeout
46514;_rsv_46514_-1_1_0_1_SE2DC5B04_EE2DC5B04;1;Wipeout
46514;_rsv_46514_-1_2_0_0_SE2DC5B04_EE2DC5B04;2;Abgang
46514;_rsv_46514_-1_2_0_1_SE2DC5B04_EE2DC5B04;2;Abgang
46514;_rsv_46514_-1_3_0_0_SE2DC5B04_EE2DC5B04;3;Nettoyage total
46514;_rsv_46514_-1_3_0_1_SE2DC5B04_EE2DC5B04;3;Nettoyage total
46515;_rsv_46515_-1_0_0_0_SE2DC5B04_EE2DC5B04;0;ワイプアウト
46515;_rsv_46515_-1_0_0_1_SE2DC5B04_EE2DC5B04;0;ワイプアウト
46515;_rsv_46515_-1_1_0_0_SE2DC5B04_EE2DC5B04;1;Wipeout
46515;_rsv_46515_-1_1_0_1_SE2DC5B04_EE2DC5B04;1;Wipeout
46515;_rsv_46515_-1_2_0_0_SE2DC5B04_EE2DC5B04;2;Abgang
46515;_rsv_46515_-1_2_0_1_SE2DC5B04_EE2DC5B04;2;Abgang
46515;_rsv_46515_-1_3_0_0_SE2DC5B04_EE2DC5B04;3;Nettoyage total
46515;_rsv_46515_-1_3_0_1_SE2DC5B04_EE2DC5B04;3;Nettoyage total
46516;_rsv_46516_-1_0_0_0_SE2DC5B04_EE2DC5B04;0;ワイプアウト
46516;_rsv_46516_-1_0_0_1_SE2DC5B04_EE2DC5B04;0;ワイプアウト
46516;_rsv_46516_-1_1_0_0_SE2DC5B04_EE2DC5B04;1;Wipeout
46516;_rsv_46516_-1_1_0_1_SE2DC5B04_EE2DC5B04;1;Wipeout
46516;_rsv_46516_-1_2_0_0_SE2DC5B04_EE2DC5B04;2;Abgang
46516;_rsv_46516_-1_2_0_1_SE2DC5B04_EE2DC5B04;2;Abgang
46516;_rsv_46516_-1_3_0_0_SE2DC5B04_EE2DC5B04;3;Nettoyage total
46516;_rsv_46516_-1_3_0_1_SE2DC5B04_EE2DC5B04;3;Nettoyage total
46517;_rsv_46517_-1_0_0_0_SE2DC5B04_EE2DC5B04;0;ワイプアウト
46517;_rsv_46517_-1_0_0_1_SE2DC5B04_EE2DC5B04;0;ワイプアウト
46517;_rsv_46517_-1_1_0_0_SE2DC5B04_EE2DC5B04;1;Wipeout
46517;_rsv_46517_-1_1_0_1_SE2DC5B04_EE2DC5B04;1;Wipeout
46517;_rsv_46517_-1_2_0_0_SE2DC5B04_EE2DC5B04;2;Abgang
46517;_rsv_46517_-1_2_0_1_SE2DC5B04_EE2DC5B04;2;Abgang
46517;_rsv_46517_-1_3_0_0_SE2DC5B04_EE2DC5B04;3;Nettoyage total
46517;_rsv_46517_-1_3_0_1_SE2DC5B04_EE2DC5B04;3;Nettoyage total
46547;_rsv_46547_-1_0_0_0_SE2DC5B04_EE2DC5B04;0;ハイドロバリエル
46547;_rsv_46547_-1_0_0_1_SE2DC5B04_EE2DC5B04;0;ハイドロバリエル
46547;_rsv_46547_-1_1_0_0_SE2DC5B04_EE2DC5B04;1;Deep Varial
46547;_rsv_46547_-1_1_0_1_SE2DC5B04_EE2DC5B04;1;Deep Varial
46547;_rsv_46547_-1_2_0_0_SE2DC5B04_EE2DC5B04;2;Hydro-Halbdreher
46547;_rsv_46547_-1_2_0_1_SE2DC5B04_EE2DC5B04;2;Hydro-Halbdreher
46547;_rsv_46547_-1_3_0_0_SE2DC5B04_EE2DC5B04;3;Barrière hydrique
46547;_rsv_46547_-1_3_0_1_SE2DC5B04_EE2DC5B04;3;Barrière hydrique
46550;_rsv_46550_-1_0_0_0_SE2DC5B04_EE2DC5B04;0;ハイドロフォール
46550;_rsv_46550_-1_0_0_1_SE2DC5B04_EE2DC5B04;0;ハイドロフォール
46550;_rsv_46550_-1_1_0_0_SE2DC5B04_EE2DC5B04;1;Roiling Roll
46550;_rsv_46550_-1_1_0_1_SE2DC5B04_EE2DC5B04;1;Roiling Roll
46550;_rsv_46550_-1_2_0_0_SE2DC5B04_EE2DC5B04;2;Hydro-Sturz
46550;_rsv_46550_-1_2_0_1_SE2DC5B04_EE2DC5B04;2;Hydro-Sturz
46550;_rsv_46550_-1_3_0_0_SE2DC5B04_EE2DC5B04;3;Pilonnage hydrique
46550;_rsv_46550_-1_3_0_1_SE2DC5B04_EE2DC5B04;3;Pilonnage hydrique
46557;_rsv_46557_-1_0_0_0_SE2DC5B04_EE2DC5B04;0;ダブルアリウープ
46557;_rsv_46557_-1_0_0_1_SE2DC5B04_EE2DC5B04;0;ダブルアリウープ
46557;_rsv_46557_-1_1_0_0_SE2DC5B04_EE2DC5B04;1;Alley-oop Double-dip
46557;_rsv_46557_-1_1_0_1_SE2DC5B04_EE2DC5B04;1;Alley-oop Double-dip
46557;_rsv_46557_-1_2_0_0_SE2DC5B04_EE2DC5B04;2;Doppel-Alley-Oop
46557;_rsv_46557_-1_2_0_1_SE2DC5B04_EE2DC5B04;2;Doppel-Alley-Oop
46557;_rsv_46557_-1_3_0_0_SE2DC5B04_EE2DC5B04;3;Double alley-oop
46557;_rsv_46557_-1_3_0_1_SE2DC5B04_EE2DC5B04;3;Double alley-oop
46558;_rsv_46558_-1_0_0_0_SE2DC5B04_EE2DC5B04;0;ダブルアリウープ
46558;_rsv_46558_-1_0_0_1_SE2DC5B04_EE2DC5B04;0;ダブルアリウープ
46558;_rsv_46558_-1_1_0_0_SE2DC5B04_EE2DC5B04;1;Alley-oop Double-dip
46558;_rsv_46558_-1_1_0_1_SE2DC5B04_EE2DC5B04;1;Alley-oop Double-dip
46558;_rsv_46558_-1_2_0_0_SE2DC5B04_EE2DC5B04;2;Doppel-Alley-Oop
46558;_rsv_46558_-1_2_0_1_SE2DC5B04_EE2DC5B04;2;Doppel-Alley-Oop
46558;_rsv_46558_-1_3_0_0_SE2DC5B04_EE2DC5B04;3;Double alley-oop
46558;_rsv_46558_-1_3_0_1_SE2DC5B04_EE2DC5B04;3;Double alley-oop
46559;_rsv_46559_-1_0_0_0_SE2DC5B04_EE2DC5B04;0;ダブルアリウープ
46559;_rsv_46559_-1_0_0_1_SE2DC5B04_EE2DC5B04;0;ダブルアリウープ
46559;_rsv_46559_-1_1_0_0_SE2DC5B04_EE2DC5B04;1;Alley-oop Double-dip
46559;_rsv_46559_-1_1_0_1_SE2DC5B04_EE2DC5B04;1;Alley-oop Double-dip
46559;_rsv_46559_-1_2_0_0_SE2DC5B04_EE2DC5B04;2;Doppel-Alley-Oop
46559;_rsv_46559_-1_2_0_1_SE2DC5B04_EE2DC5B04;2;Doppel-Alley-Oop
46559;_rsv_46559_-1_3_0_0_SE2DC5B04_EE2DC5B04;3;Double alley-oop
46559;_rsv_46559_-1_3_0_1_SE2DC5B04_EE2DC5B04;3;Double alley-oop
46560;_rsv_46560_-1_0_0_0_SE2DC5B04_EE2DC5B04;0;リバースアリウープ
46560;_rsv_46560_-1_0_0_1_SE2DC5B04_EE2DC5B04;0;リバースアリウープ
46560;_rsv_46560_-1_1_0_0_SE2DC5B04_EE2DC5B04;1;Reverse Alley-oop
46560;_rsv_46560_-1_1_0_1_SE2DC5B04_EE2DC5B04;1;Reverse Alley-oop
46560;_rsv_46560_-1_2_0_0_SE2DC5B04_EE2DC5B04;2;Umgekehrter Alley-Oop
46560;_rsv_46560_-1_2_0_1_SE2DC5B04_EE2DC5B04;2;Umgekehrter Alley-Oop
46560;_rsv_46560_-1_3_0_0_SE2DC5B04_EE2DC5B04;3;Alley-oop inversé
46560;_rsv_46560_-1_3_0_1_SE2DC5B04_EE2DC5B04;3;Alley-oop inversé
46561;_rsv_46561_-1_0_0_0_SE2DC5B04_EE2DC5B04;0;リバースアリウープ
46561;_rsv_46561_-1_0_0_1_SE2DC5B04_EE2DC5B04;0;リバースアリウープ
46561;_rsv_46561_-1_1_0_0_SE2DC5B04_EE2DC5B04;1;Reverse Alley-oop
46561;_rsv_46561_-1_1_0_1_SE2DC5B04_EE2DC5B04;1;Reverse Alley-oop
46561;_rsv_46561_-1_2_0_0_SE2DC5B04_EE2DC5B04;2;Umgekehrter Alley-Oop
46561;_rsv_46561_-1_2_0_1_SE2DC5B04_EE2DC5B04;2;Umgekehrter Alley-Oop
46561;_rsv_46561_-1_3_0_0_SE2DC5B04_EE2DC5B04;3;Alley-oop inversé
46561;_rsv_46561_-1_3_0_1_SE2DC5B04_EE2DC5B04;3;Alley-oop inversé
46562;_rsv_46562_-1_0_0_0_SE2DC5B04_EE2DC5B04;0;リバースアリウープ
46562;_rsv_46562_-1_0_0_1_SE2DC5B04_EE2DC5B04;0;リバースアリウープ
46562;_rsv_46562_-1_1_0_0_SE2DC5B04_EE2DC5B04;1;Reverse Alley-oop
46562;_rsv_46562_-1_1_0_1_SE2DC5B04_EE2DC5B04;1;Reverse Alley-oop
46562;_rsv_46562_-1_2_0_0_SE2DC5B04_EE2DC5B04;2;Umgekehrter Alley-Oop
46562;_rsv_46562_-1_2_0_1_SE2DC5B04_EE2DC5B04;2;Umgekehrter Alley-Oop
46562;_rsv_46562_-1_3_0_0_SE2DC5B04_EE2DC5B04;3;Alley-oop inversé
46562;_rsv_46562_-1_3_0_1_SE2DC5B04_EE2DC5B04;3;Alley-oop inversé
46575;_rsv_46575_-1_0_0_0_SE2DC5B04_EE2DC5B04;0;フレイムスナップ
46575;_rsv_46575_-1_0_0_1_SE2DC5B04_EE2DC5B04;0;フレイムスナップ
46575;_rsv_46575_-1_1_0_0_SE2DC5B04_EE2DC5B04;1;Blasting Snap
46575;_rsv_46575_-1_1_0_1_SE2DC5B04_EE2DC5B04;1;Blasting Snap
46575;_rsv_46575_-1_2_0_0_SE2DC5B04_EE2DC5B04;2;Flammenruck
46575;_rsv_46575_-1_2_0_1_SE2DC5B04_EE2DC5B04;2;Flammenruck
46575;_rsv_46575_-1_3_0_0_SE2DC5B04_EE2DC5B04;3;Claquement enflammé
46575;_rsv_46575_-1_3_0_1_SE2DC5B04_EE2DC5B04;3;Claquement enflammé
46576;_rsv_46576_-1_0_0_0_SE2DC5B04_EE2DC5B04;0;ハイドロスナップ
46576;_rsv_46576_-1_0_0_1_SE2DC5B04_EE2DC5B04;0;ハイドロスナップ
46576;_rsv_46576_-1_1_0_0_SE2DC5B04_EE2DC5B04;1;Plunging Snap
46576;_rsv_46576_-1_1_0_1_SE2DC5B04_EE2DC5B04;1;Plunging Snap
46576;_rsv_46576_-1_2_0_0_SE2DC5B04_EE2DC5B04;2;Hydroruck
46576;_rsv_46576_-1_2_0_1_SE2DC5B04_EE2DC5B04;2;Hydroruck
46576;_rsv_46576_-1_3_0_0_SE2DC5B04_EE2DC5B04;3;Claquement hydrique
46576;_rsv_46576_-1_3_0_1_SE2DC5B04_EE2DC5B04;3;Claquement hydrique
46577;_rsv_46577_-1_0_0_0_SE2DC5B04_EE2DC5B04;0;フレイムスナップ
46577;_rsv_46577_-1_0_0_1_SE2DC5B04_EE2DC5B04;0;フレイムスナップ
46577;_rsv_46577_-1_1_0_0_SE2DC5B04_EE2DC5B04;1;Blasting Snap
46577;_rsv_46577_-1_1_0_1_SE2DC5B04_EE2DC5B04;1;Blasting Snap
46577;_rsv_46577_-1_2_0_0_SE2DC5B04_EE2DC5B04;2;Flammenruck
46577;_rsv_46577_-1_2_0_1_SE2DC5B04_EE2DC5B04;2;Flammenruck
46577;_rsv_46577_-1_3_0_0_SE2DC5B04_EE2DC5B04;3;Claquement enflammé
46577;_rsv_46577_-1_3_0_1_SE2DC5B04_EE2DC5B04;3;Claquement enflammé
46578;_rsv_46578_-1_0_0_0_SE2DC5B04_EE2DC5B04;0;ハイドロスナップ
46578;_rsv_46578_-1_0_0_1_SE2DC5B04_EE2DC5B04;0;ハイドロスナップ
46578;_rsv_46578_-1_1_0_0_SE2DC5B04_EE2DC5B04;1;Plunging Snap
46578;_rsv_46578_-1_1_0_1_SE2DC5B04_EE2DC5B04;1;Plunging Snap
46578;_rsv_46578_-1_2_0_0_SE2DC5B04_EE2DC5B04;2;Hydroruck
46578;_rsv_46578_-1_2_0_1_SE2DC5B04_EE2DC5B04;2;Hydroruck
46578;_rsv_46578_-1_3_0_0_SE2DC5B04_EE2DC5B04;3;Claquement hydrique
46578;_rsv_46578_-1_3_0_1_SE2DC5B04_EE2DC5B04;3;Claquement hydrique
46579;_rsv_46579_-1_0_0_0_SE2DC5B04_EE2DC5B04;0;フレイムリエントリー
46579;_rsv_46579_-1_0_0_1_SE2DC5B04_EE2DC5B04;0;フレイムリエントリー
46579;_rsv_46579_-1_1_0_0_SE2DC5B04_EE2DC5B04;1;Re-entry Blast
46579;_rsv_46579_-1_1_0_1_SE2DC5B04_EE2DC5B04;1;Re-entry Blast
46579;_rsv_46579_-1_2_0_0_SE2DC5B04_EE2DC5B04;2;Flammen-Wiedereinstieg
46579;_rsv_46579_-1_2_0_1_SE2DC5B04_EE2DC5B04;2;Flammen-Wiedereinstieg
46579;_rsv_46579_-1_3_0_0_SE2DC5B04_EE2DC5B04;3;Retombée enflammée
46579;_rsv_46579_-1_3_0_1_SE2DC5B04_EE2DC5B04;3;Retombée enflammée
46580;_rsv_46580_-1_0_0_0_SE2DC5B04_EE2DC5B04;0;ハイドロリエントリー
46580;_rsv_46580_-1_0_0_1_SE2DC5B04_EE2DC5B04;0;ハイドロリエントリー
46580;_rsv_46580_-1_1_0_0_SE2DC5B04_EE2DC5B04;1;Re-entry Plunge
46580;_rsv_46580_-1_1_0_1_SE2DC5B04_EE2DC5B04;1;Re-entry Plunge
46580;_rsv_46580_-1_2_0_0_SE2DC5B04_EE2DC5B04;2;Hydro-Wiedereinstieg
46580;_rsv_46580_-1_2_0_1_SE2DC5B04_EE2DC5B04;2;Hydro-Wiedereinstieg
46580;_rsv_46580_-1_3_0_0_SE2DC5B04_EE2DC5B04;3;Retombée hydrique
46580;_rsv_46580_-1_3_0_1_SE2DC5B04_EE2DC5B04;3;Retombée hydrique
46581;_rsv_46581_-1_0_0_0_SE2DC5B04_EE2DC5B04;0;フレイムリエントリー
46581;_rsv_46581_-1_0_0_1_SE2DC5B04_EE2DC5B04;0;フレイムリエントリー
46581;_rsv_46581_-1_1_0_0_SE2DC5B04_EE2DC5B04;1;Re-entry Blast
46581;_rsv_46581_-1_1_0_1_SE2DC5B04_EE2DC5B04;1;Re-entry Blast
46581;_rsv_46581_-1_2_0_0_SE2DC5B04_EE2DC5B04;2;Flammen-Wiedereinstieg
46581;_rsv_46581_-1_2_0_1_SE2DC5B04_EE2DC5B04;2;Flammen-Wiedereinstieg
46581;_rsv_46581_-1_3_0_0_SE2DC5B04_EE2DC5B04;3;Retombée enflammée
46581;_rsv_46581_-1_3_0_1_SE2DC5B04_EE2DC5B04;3;Retombée enflammée
46582;_rsv_46582_-1_0_0_0_SE2DC5B04_EE2DC5B04;0;ハイドロリエントリー
46582;_rsv_46582_-1_0_0_1_SE2DC5B04_EE2DC5B04;0;ハイドロリエントリー
46582;_rsv_46582_-1_1_0_0_SE2DC5B04_EE2DC5B04;1;Re-entry Plunge
46582;_rsv_46582_-1_1_0_1_SE2DC5B04_EE2DC5B04;1;Re-entry Plunge
46582;_rsv_46582_-1_2_0_0_SE2DC5B04_EE2DC5B04;2;Hydro-Wiedereinstieg
46582;_rsv_46582_-1_2_0_1_SE2DC5B04_EE2DC5B04;2;Hydro-Wiedereinstieg
46582;_rsv_46582_-1_3_0_0_SE2DC5B04_EE2DC5B04;3;Retombée hydrique
46582;_rsv_46582_-1_3_0_1_SE2DC5B04_EE2DC5B04;3;Retombée hydrique
46583;_rsv_46583_-1_0_0_0_SE2DC5B04_EE2DC5B04;0;フレイムバーティカル
46583;_rsv_46583_-1_0_0_1_SE2DC5B04_EE2DC5B04;0;フレイムバーティカル
46583;_rsv_46583_-1_1_0_0_SE2DC5B04_EE2DC5B04;1;Vertical Blast
46583;_rsv_46583_-1_1_0_1_SE2DC5B04_EE2DC5B04;1;Vertical Blast
46583;_rsv_46583_-1_2_0_0_SE2DC5B04_EE2DC5B04;2;Flammen-Vertikalritt
46583;_rsv_46583_-1_2_0_1_SE2DC5B04_EE2DC5B04;2;Flammen-Vertikalritt
46583;_rsv_46583_-1_3_0_0_SE2DC5B04_EE2DC5B04;3;Flamme verticale
46583;_rsv_46583_-1_3_0_1_SE2DC5B04_EE2DC5B04;3;Flamme verticale
46584;_rsv_46584_-1_0_0_0_SE2DC5B04_EE2DC5B04;0;ハイドロバーティカル
46584;_rsv_46584_-1_0_0_1_SE2DC5B04_EE2DC5B04;0;ハイドロバーティカル
46584;_rsv_46584_-1_1_0_0_SE2DC5B04_EE2DC5B04;1;Vertical Plunge
46584;_rsv_46584_-1_1_0_1_SE2DC5B04_EE2DC5B04;1;Vertical Plunge
46584;_rsv_46584_-1_2_0_0_SE2DC5B04_EE2DC5B04;2;Hydro-Vertikalritt
46584;_rsv_46584_-1_2_0_1_SE2DC5B04_EE2DC5B04;2;Hydro-Vertikalritt
46584;_rsv_46584_-1_3_0_0_SE2DC5B04_EE2DC5B04;3;Jet hydrique vertical
46584;_rsv_46584_-1_3_0_1_SE2DC5B04_EE2DC5B04;3;Jet hydrique vertical
46585;_rsv_46585_-1_0_0_0_SE2DC5B04_EE2DC5B04;0;フレイムバーティカル
46585;_rsv_46585_-1_0_0_1_SE2DC5B04_EE2DC5B04;0;フレイムバーティカル
46585;_rsv_46585_-1_1_0_0_SE2DC5B04_EE2DC5B04;1;Vertical Blast
46585;_rsv_46585_-1_1_0_1_SE2DC5B04_EE2DC5B04;1;Vertical Blast
46585;_rsv_46585_-1_2_0_0_SE2DC5B04_EE2DC5B04;2;Flammen-Vertikalritt
46585;_rsv_46585_-1_2_0_1_SE2DC5B04_EE2DC5B04;2;Flammen-Vertikalritt
46585;_rsv_46585_-1_3_0_0_SE2DC5B04_EE2DC5B04;3;Flamme verticale
46585;_rsv_46585_-1_3_0_1_SE2DC5B04_EE2DC5B04;3;Flamme verticale
46586;_rsv_46586_-1_0_0_0_SE2DC5B04_EE2DC5B04;0;ハイドロバーティカル
46586;_rsv_46586_-1_0_0_1_SE2DC5B04_EE2DC5B04;0;ハイドロバーティカル
46586;_rsv_46586_-1_1_0_0_SE2DC5B04_EE2DC5B04;1;Vertical Plunge
46586;_rsv_46586_-1_1_0_1_SE2DC5B04_EE2DC5B04;1;Vertical Plunge
46586;_rsv_46586_-1_2_0_0_SE2DC5B04_EE2DC5B04;2;Hydro-Vertikalritt
46586;_rsv_46586_-1_2_0_1_SE2DC5B04_EE2DC5B04;2;Hydro-Vertikalritt
46586;_rsv_46586_-1_3_0_0_SE2DC5B04_EE2DC5B04;3;Jet hydrique vertical
46586;_rsv_46586_-1_3_0_1_SE2DC5B04_EE2DC5B04;3;Jet hydrique vertical
47037;_rsv_47037_-1_0_0_0_SE2DC5B04_EE2DC5B04;0;ツーウェイ・スピンファイア
47037;_rsv_47037_-1_0_0_1_SE2DC5B04_EE2DC5B04;0;ツーウェイ・スピンファイア
47037;_rsv_47037_-1_1_0_0_SE2DC5B04_EE2DC5B04;1;Two-way Fireball
47037;_rsv_47037_-1_1_0_1_SE2DC5B04_EE2DC5B04;1;Two-way Fireball
47037;_rsv_47037_-1_2_0_0_SE2DC5B04_EE2DC5B04;2;Zweifaches Drehfeuer
47037;_rsv_47037_-1_2_0_1_SE2DC5B04_EE2DC5B04;2;Zweifaches Drehfeuer
47037;_rsv_47037_-1_3_0_0_SE2DC5B04_EE2DC5B04;3;Double spirale enflammée
47037;_rsv_47037_-1_3_0_1_SE2DC5B04_EE2DC5B04;3;Double spirale enflammée
47038;_rsv_47038_-1_0_0_0_SE2DC5B04_EE2DC5B04;0;ツーウェイ・スピンファイア
47038;_rsv_47038_-1_0_0_1_SE2DC5B04_EE2DC5B04;0;ツーウェイ・スピンファイア
47038;_rsv_47038_-1_1_0_0_SE2DC5B04_EE2DC5B04;1;Two-way Fireball
47038;_rsv_47038_-1_1_0_1_SE2DC5B04_EE2DC5B04;1;Two-way Fireball
47038;_rsv_47038_-1_2_0_0_SE2DC5B04_EE2DC5B04;2;Zweifaches Drehfeuer
47038;_rsv_47038_-1_2_0_1_SE2DC5B04_EE2DC5B04;2;Zweifaches Drehfeuer
47038;_rsv_47038_-1_3_0_0_SE2DC5B04_EE2DC5B04;3;Double spirale enflammée
47038;_rsv_47038_-1_3_0_1_SE2DC5B04_EE2DC5B04;3;Double spirale enflammée
47235;_rsv_47235_-1_0_0_0_SE2DC5B04_EE2DC5B04;0;スプレッドソニック
47235;_rsv_47235_-1_0_0_1_SE2DC5B04_EE2DC5B04;0;スプレッドソニック
47235;_rsv_47235_-1_1_0_0_SE2DC5B04_EE2DC5B04;1;Ultrasonic Spread
47235;_rsv_47235_-1_1_0_1_SE2DC5B04_EE2DC5B04;1;Ultrasonic Spread
47235;_rsv_47235_-1_2_0_0_SE2DC5B04_EE2DC5B04;2;Streuschall
47235;_rsv_47235_-1_2_0_1_SE2DC5B04_EE2DC5B04;2;Streuschall
47235;_rsv_47235_-1_3_0_0_SE2DC5B04_EE2DC5B04;3;Onde étalée
47235;_rsv_47235_-1_3_0_1_SE2DC5B04_EE2DC5B04;3;Onde étalée
47249;_rsv_47249_-1_0_0_0_SE2DC5B04_EE2DC5B04;0;ハイドロバリエル
47249;_rsv_47249_-1_0_0_1_SE2DC5B04_EE2DC5B04;0;ハイドロバリエル
47249;_rsv_47249_-1_1_0_0_SE2DC5B04_EE2DC5B04;1;Deep Varial
47249;_rsv_47249_-1_1_0_1_SE2DC5B04_EE2DC5B04;1;Deep Varial
47249;_rsv_47249_-1_2_0_0_SE2DC5B04_EE2DC5B04;2;Hydro-Halbdreher
47249;_rsv_47249_-1_2_0_1_SE2DC5B04_EE2DC5B04;2;Hydro-Halbdreher
47249;_rsv_47249_-1_3_0_0_SE2DC5B04_EE2DC5B04;3;Barrière hydrique
47249;_rsv_47249_-1_3_0_1_SE2DC5B04_EE2DC5B04;3;Barrière hydrique
47250;_rsv_47250_-1_0_0_0_SE2DC5B04_EE2DC5B04;0;ハイドロフォール
47250;_rsv_47250_-1_0_0_1_SE2DC5B04_EE2DC5B04;0;ハイドロフォール
47250;_rsv_47250_-1_1_0_0_SE2DC5B04_EE2DC5B04;1;Roiling Roll
47250;_rsv_47250_-1_1_0_1_SE2DC5B04_EE2DC5B04;1;Roiling Roll
47250;_rsv_47250_-1_2_0_0_SE2DC5B04_EE2DC5B04;2;Hydro-Sturz
47250;_rsv_47250_-1_2_0_1_SE2DC5B04_EE2DC5B04;2;Hydro-Sturz
47250;_rsv_47250_-1_3_0_0_SE2DC5B04_EE2DC5B04;3;Pilonnage hydrique
47250;_rsv_47250_-1_3_0_1_SE2DC5B04_EE2DC5B04;3;Pilonnage hydrique
47577;_rsv_47577_-1_0_0_0_SE2DC5B04_EE2DC5B04;0;アルカディアン・アルケイナム
47577;_rsv_47577_-1_0_0_1_SE2DC5B04_EE2DC5B04;0;アルカディアン・アルケイナム
47577;_rsv_47577_-1_1_0_0_SE2DC5B04_EE2DC5B04;1;Arcadian Arcanum
47577;_rsv_47577_-1_1_0_1_SE2DC5B04_EE2DC5B04;1;Arcadian Arcanum
47577;_rsv_47577_-1_2_0_0_SE2DC5B04_EE2DC5B04;2;Arkadion Arcanum
47577;_rsv_47577_-1_2_0_1_SE2DC5B04_EE2DC5B04;2;Arkadion Arcanum
47577;_rsv_47577_-1_3_0_0_SE2DC5B04_EE2DC5B04;3;Merveilles de l'inconnu
47577;_rsv_47577_-1_3_0_1_SE2DC5B04_EE2DC5B04;3;Merveilles de l'inconnu
48098;_rsv_48098_-1_0_0_0_SE2DC5B04_EE2DC5B04;0;心象投影
48098;_rsv_48098_-1_0_0_1_SE2DC5B04_EE2DC5B04;0;心象投影
48098;_rsv_48098_-1_1_0_0_SE2DC5B04_EE2DC5B04;1;Twisted Vision
48098;_rsv_48098_-1_1_0_1_SE2DC5B04_EE2DC5B04;1;Twisted Vision
48098;_rsv_48098_-1_2_0_0_SE2DC5B04_EE2DC5B04;2;Raumverschiebung
48098;_rsv_48098_-1_2_0_1_SE2DC5B04_EE2DC5B04;2;Raumverschiebung
48098;_rsv_48098_-1_3_0_0_SE2DC5B04_EE2DC5B04;3;Projection mentale
48098;_rsv_48098_-1_3_0_1_SE2DC5B04_EE2DC5B04;3;Projection mentale
